<annotation>
	<folder>data</folder>
	<filename>3.jpg</filename>
	<path>C:\mydocs\machineLearning\imageProcessors\ImageLabelling\windows_v1.8.1\data\3.jpg</path>
	<source>
		<database>Unknown</database>
	</source>
	<size>
		<width>639</width>
		<height>703</height>
		<depth>3</depth>
	</size>
	<segmented>0</segmented>
	<object>
		<name>insulator</name>
		<pose>Unspecified</pose>
		<truncated>0</truncated>
		<difficult>0</difficult>
		<bndbox>
			<xmin>144</xmin>
			<ymin>110</ymin>
			<xmax>217</xmax>
			<ymax>255</ymax>
		</bndbox>
	</object>
	<object>
		<name>insulator</name>
		<pose>Unspecified</pose>
		<truncated>0</truncated>
		<difficult>0</difficult>
		<bndbox>
			<xmin>270</xmin>
			<ymin>126</ymin>
			<xmax>323</xmax>
			<ymax>262</ymax>
		</bndbox>
	</object>
	<object>
		<name>insulator</name>
		<pose>Unspecified</pose>
		<truncated>0</truncated>
		<difficult>0</difficult>
		<bndbox>
			<xmin>367</xmin>
			<ymin>157</ymin>
			<xmax>420</xmax>
			<ymax>284</ymax>
		</bndbox>
	</object>
</annotation>
