<annotation>
	<folder>data</folder>
	<filename>33.jpg</filename>
	<path>C:\mydocs\machineLearning\imageProcessors\ImageLabelling\windows_v1.8.1\data\33.jpg</path>
	<source>
		<database>Unknown</database>
	</source>
	<size>
		<width>846</width>
		<height>743</height>
		<depth>3</depth>
	</size>
	<segmented>0</segmented>
	<object>
		<name>insulator</name>
		<pose>Unspecified</pose>
		<truncated>0</truncated>
		<difficult>0</difficult>
		<bndbox>
			<xmin>122</xmin>
			<ymin>157</ymin>
			<xmax>217</xmax>
			<ymax>332</ymax>
		</bndbox>
	</object>
	<object>
		<name>insulator</name>
		<pose>Unspecified</pose>
		<truncated>0</truncated>
		<difficult>0</difficult>
		<bndbox>
			<xmin>325</xmin>
			<ymin>115</ymin>
			<xmax>422</xmax>
			<ymax>339</ymax>
		</bndbox>
	</object>
	<object>
		<name>insulator</name>
		<pose>Unspecified</pose>
		<truncated>0</truncated>
		<difficult>0</difficult>
		<bndbox>
			<xmin>524</xmin>
			<ymin>189</ymin>
			<xmax>625</xmax>
			<ymax>391</ymax>
		</bndbox>
	</object>
	<object>
		<name>insulator</name>
		<pose>Unspecified</pose>
		<truncated>0</truncated>
		<difficult>0</difficult>
		<bndbox>
			<xmin>694</xmin>
			<ymin>231</ymin>
			<xmax>782</xmax>
			<ymax>409</ymax>
		</bndbox>
	</object>
</annotation>
