<annotation>
	<folder>data</folder>
	<filename>49.jpg</filename>
	<path>C:\mydocs\machineLearning\imageProcessors\ImageLabelling\windows_v1.8.1\data\49.jpg</path>
	<source>
		<database>Unknown</database>
	</source>
	<size>
		<width>705</width>
		<height>769</height>
		<depth>3</depth>
	</size>
	<segmented>0</segmented>
	<object>
		<name>insulator</name>
		<pose>Unspecified</pose>
		<truncated>0</truncated>
		<difficult>0</difficult>
		<bndbox>
			<xmin>343</xmin>
			<ymin>92</ymin>
			<xmax>384</xmax>
			<ymax>229</ymax>
		</bndbox>
	</object>
	<object>
		<name>insulator</name>
		<pose>Unspecified</pose>
		<truncated>0</truncated>
		<difficult>0</difficult>
		<bndbox>
			<xmin>333</xmin>
			<ymin>228</ymin>
			<xmax>381</xmax>
			<ymax>320</ymax>
		</bndbox>
	</object>
	<object>
		<name>insulator</name>
		<pose>Unspecified</pose>
		<truncated>0</truncated>
		<difficult>0</difficult>
		<bndbox>
			<xmin>308</xmin>
			<ymin>152</ymin>
			<xmax>341</xmax>
			<ymax>280</ymax>
		</bndbox>
	</object>
	<object>
		<name>insulator</name>
		<pose>Unspecified</pose>
		<truncated>0</truncated>
		<difficult>0</difficult>
		<bndbox>
			<xmin>279</xmin>
			<ymin>205</ymin>
			<xmax>310</xmax>
			<ymax>327</ymax>
		</bndbox>
	</object>
	<object>
		<name>insulator</name>
		<pose>Unspecified</pose>
		<truncated>0</truncated>
		<difficult>0</difficult>
		<bndbox>
			<xmin>120</xmin>
			<ymin>300</ymin>
			<xmax>155</xmax>
			<ymax>412</ymax>
		</bndbox>
	</object>
	<object>
		<name>insulator</name>
		<pose>Unspecified</pose>
		<truncated>0</truncated>
		<difficult>0</difficult>
		<bndbox>
			<xmin>173</xmin>
			<ymin>432</ymin>
			<xmax>212</xmax>
			<ymax>509</ymax>
		</bndbox>
	</object>
	<object>
		<name>insulator</name>
		<pose>Unspecified</pose>
		<truncated>0</truncated>
		<difficult>0</difficult>
		<bndbox>
			<xmin>59</xmin>
			<ymin>466</ymin>
			<xmax>106</xmax>
			<ymax>610</ymax>
		</bndbox>
	</object>
</annotation>
