<annotation>
	<folder>data</folder>
	<filename>61.jpg</filename>
	<path>C:\mydocs\machineLearning\imageProcessors\ImageLabelling\windows_v1.8.1\data\61.jpg</path>
	<source>
		<database>Unknown</database>
	</source>
	<size>
		<width>833</width>
		<height>811</height>
		<depth>3</depth>
	</size>
	<segmented>0</segmented>
	<object>
		<name>insulator</name>
		<pose>Unspecified</pose>
		<truncated>0</truncated>
		<difficult>0</difficult>
		<bndbox>
			<xmin>198</xmin>
			<ymin>223</ymin>
			<xmax>227</xmax>
			<ymax>307</ymax>
		</bndbox>
	</object>
	<object>
		<name>insulator</name>
		<pose>Unspecified</pose>
		<truncated>0</truncated>
		<difficult>0</difficult>
		<bndbox>
			<xmin>435</xmin>
			<ymin>217</ymin>
			<xmax>482</xmax>
			<ymax>324</ymax>
		</bndbox>
	</object>
	<object>
		<name>insulator</name>
		<pose>Unspecified</pose>
		<truncated>0</truncated>
		<difficult>0</difficult>
		<bndbox>
			<xmin>116</xmin>
			<ymin>143</ymin>
			<xmax>146</xmax>
			<ymax>200</ymax>
		</bndbox>
	</object>
	<object>
		<name>insulator</name>
		<pose>Unspecified</pose>
		<truncated>0</truncated>
		<difficult>0</difficult>
		<bndbox>
			<xmin>573</xmin>
			<ymin>102</ymin>
			<xmax>599</xmax>
			<ymax>222</ymax>
		</bndbox>
	</object>
</annotation>
