<annotation>
	<folder>data</folder>
	<filename>67.jpg</filename>
	<path>C:\mydocs\machineLearning\imageProcessors\ImageLabelling\windows_v1.8.1\data\67.jpg</path>
	<source>
		<database>Unknown</database>
	</source>
	<size>
		<width>863</width>
		<height>889</height>
		<depth>3</depth>
	</size>
	<segmented>0</segmented>
	<object>
		<name>insulator</name>
		<pose>Unspecified</pose>
		<truncated>0</truncated>
		<difficult>0</difficult>
		<bndbox>
			<xmin>258</xmin>
			<ymin>224</ymin>
			<xmax>338</xmax>
			<ymax>433</ymax>
		</bndbox>
	</object>
	<object>
		<name>insulator</name>
		<pose>Unspecified</pose>
		<truncated>0</truncated>
		<difficult>0</difficult>
		<bndbox>
			<xmin>376</xmin>
			<ymin>203</ymin>
			<xmax>429</xmax>
			<ymax>420</ymax>
		</bndbox>
	</object>
	<object>
		<name>insulator</name>
		<pose>Unspecified</pose>
		<truncated>0</truncated>
		<difficult>0</difficult>
		<bndbox>
			<xmin>483</xmin>
			<ymin>170</ymin>
			<xmax>546</xmax>
			<ymax>398</ymax>
		</bndbox>
	</object>
</annotation>
