<annotation>
	<folder>data</folder>
	<filename>68.jpg</filename>
	<path>C:\mydocs\machineLearning\imageProcessors\ImageLabelling\windows_v1.8.1\data\68.jpg</path>
	<source>
		<database>Unknown</database>
	</source>
	<size>
		<width>603</width>
		<height>671</height>
		<depth>3</depth>
	</size>
	<segmented>0</segmented>
	<object>
		<name>insulator</name>
		<pose>Unspecified</pose>
		<truncated>0</truncated>
		<difficult>0</difficult>
		<bndbox>
			<xmin>317</xmin>
			<ymin>241</ymin>
			<xmax>347</xmax>
			<ymax>332</ymax>
		</bndbox>
	</object>
	<object>
		<name>insulator</name>
		<pose>Unspecified</pose>
		<truncated>0</truncated>
		<difficult>0</difficult>
		<bndbox>
			<xmin>247</xmin>
			<ymin>89</ymin>
			<xmax>280</xmax>
			<ymax>143</ymax>
		</bndbox>
	</object>
</annotation>
