<annotation>
	<folder>data</folder>
	<filename>74.jpg</filename>
	<path>C:\mydocs\machineLearning\imageProcessors\ImageLabelling\windows_v1.8.1\data\74.jpg</path>
	<source>
		<database>Unknown</database>
	</source>
	<size>
		<width>951</width>
		<height>879</height>
		<depth>3</depth>
	</size>
	<segmented>0</segmented>
	<object>
		<name>insulator</name>
		<pose>Unspecified</pose>
		<truncated>0</truncated>
		<difficult>0</difficult>
		<bndbox>
			<xmin>378</xmin>
			<ymin>544</ymin>
			<xmax>455</xmax>
			<ymax>824</ymax>
		</bndbox>
	</object>
	<object>
		<name>insulator</name>
		<pose>Unspecified</pose>
		<truncated>0</truncated>
		<difficult>0</difficult>
		<bndbox>
			<xmin>305</xmin>
			<ymin>747</ymin>
			<xmax>361</xmax>
			<ymax>832</ymax>
		</bndbox>
	</object>
	<object>
		<name>insulator</name>
		<pose>Unspecified</pose>
		<truncated>0</truncated>
		<difficult>0</difficult>
		<bndbox>
			<xmin>246</xmin>
			<ymin>753</ymin>
			<xmax>306</xmax>
			<ymax>844</ymax>
		</bndbox>
	</object>
</annotation>
