<annotation>
	<folder>data</folder>
	<filename>76.jpg</filename>
	<path>C:\mydocs\machineLearning\imageProcessors\ImageLabelling\windows_v1.8.1\data\76.jpg</path>
	<source>
		<database>Unknown</database>
	</source>
	<size>
		<width>727</width>
		<height>721</height>
		<depth>3</depth>
	</size>
	<segmented>0</segmented>
	<object>
		<name>insulator</name>
		<pose>Unspecified</pose>
		<truncated>0</truncated>
		<difficult>0</difficult>
		<bndbox>
			<xmin>200</xmin>
			<ymin>122</ymin>
			<xmax>243</xmax>
			<ymax>224</ymax>
		</bndbox>
	</object>
	<object>
		<name>insulator</name>
		<pose>Unspecified</pose>
		<truncated>0</truncated>
		<difficult>0</difficult>
		<bndbox>
			<xmin>279</xmin>
			<ymin>115</ymin>
			<xmax>301</xmax>
			<ymax>229</ymax>
		</bndbox>
	</object>
	<object>
		<name>insulator</name>
		<pose>Unspecified</pose>
		<truncated>0</truncated>
		<difficult>0</difficult>
		<bndbox>
			<xmin>308</xmin>
			<ymin>104</ymin>
			<xmax>344</xmax>
			<ymax>259</ymax>
		</bndbox>
	</object>
	<object>
		<name>insulator</name>
		<pose>Unspecified</pose>
		<truncated>0</truncated>
		<difficult>0</difficult>
		<bndbox>
			<xmin>347</xmin>
			<ymin>139</ymin>
			<xmax>379</xmax>
			<ymax>256</ymax>
		</bndbox>
	</object>
	<object>
		<name>insulator</name>
		<pose>Unspecified</pose>
		<truncated>0</truncated>
		<difficult>0</difficult>
		<bndbox>
			<xmin>391</xmin>
			<ymin>104</ymin>
			<xmax>490</xmax>
			<ymax>258</ymax>
		</bndbox>
	</object>
</annotation>
