<annotation>
	<folder>data</folder>
	<filename>83.jpg</filename>
	<path>C:\mydocs\machineLearning\imageProcessors\ImageLabelling\windows_v1.8.1\data\83.jpg</path>
	<source>
		<database>Unknown</database>
	</source>
	<size>
		<width>579</width>
		<height>466</height>
		<depth>3</depth>
	</size>
	<segmented>0</segmented>
	<object>
		<name>insulator</name>
		<pose>Unspecified</pose>
		<truncated>0</truncated>
		<difficult>0</difficult>
		<bndbox>
			<xmin>17</xmin>
			<ymin>78</ymin>
			<xmax>152</xmax>
			<ymax>375</ymax>
		</bndbox>
	</object>
	<object>
		<name>insulator</name>
		<pose>Unspecified</pose>
		<truncated>0</truncated>
		<difficult>0</difficult>
		<bndbox>
			<xmin>261</xmin>
			<ymin>132</ymin>
			<xmax>373</xmax>
			<ymax>390</ymax>
		</bndbox>
	</object>
	<object>
		<name>insulator</name>
		<pose>Unspecified</pose>
		<truncated>0</truncated>
		<difficult>0</difficult>
		<bndbox>
			<xmin>462</xmin>
			<ymin>176</ymin>
			<xmax>571</xmax>
			<ymax>412</ymax>
		</bndbox>
	</object>
</annotation>
